id,first_name,last_name,email,gender,ip_address
1,Barron,Gostridge,bgostridge0@amazon.com,Male,140.93.68.58
2,Windy,Bedford,wbedford1@rambler.ru,Female,166.43.88.35
3,Kalina,Tutchings,ktutchings2@addtoany.com,Female,100.169.243.118
4,Berri,Dmtrovic,bdmtrovic3@ihg.com,Female,242.173.89.155
5,Pat,de Leon,pdeleon4@discuz.net,Male,81.42.108.194
6,Jacklyn,Dell Casa,jdellcasa5@bigcartel.com,Female,139.153.238.3
7,Jacklin,Zannotti,jzannotti6@wikispaces.com,Female,115.33.142.111
8,Codie,Hanton,chanton7@fema.gov,Female,221.86.55.94
9,Filide,Belward,fbelward8@globo.com,Female,37.86.42.194
10,Elisabeth,Cardow,ecardow9@ibm.com,Female,124.77.178.157
11,Steve,Puller,spullera@yahoo.com,Male,39.82.55.20
12,Devland,Simmers,dsimmersb@studiopress.com,Male,22.165.22.230
13,Lindsay,Lotterington,llotteringtonc@amazon.com,Male,188.109.21.253
14,Alysia,Jammet,ajammetd@skype.com,Female,98.208.90.100
15,Lois,Dami,ldamie@wp.com,Female,163.150.192.160
16,Miquela,Hennington,mhenningtonf@ning.com,Female,22.94.46.219
17,Roxi,Okill,rokillg@cbsnews.com,Female,153.78.75.30
18,Karee,Maty,kmatyh@pagesperso-orange.fr,Female,247.202.184.80
19,Frank,Jagson,fjagsoni@newsvine.com,Female,93.41.17.126
20,Tristan,Cuesta,tcuestaj@google.co.uk,Male,225.111.16.107
21,Ellynn,Shippam,eshippamk@umn.edu,Female,242.107.151.116
22,Olivero,Meaddowcroft,omeaddowcroftl@bigcartel.com,Male,39.60.52.224
23,Weston,Dorman,wdormanm@baidu.com,Male,166.201.228.35
24,Kathryn,Harle,kharlen@liveinternet.ru,Female,237.111.99.90
25,Duffy,Cogswell,dcogswello@is.gd,Male,107.214.190.182
26,Fanni,Weatherburn,fweatherburnp@amazon.co.uk,Polygender,111.168.48.39
27,Sherill,Chatt,schattq@blinklist.com,Female,72.86.41.219
28,Cora,Stanlack,cstanlackr@hhs.gov,Female,87.27.197.65
29,Ruthann,Ackerman,rackermans@npr.org,Female,251.125.124.50
30,Berkie,Jeandin,bjeandint@desdev.cn,Male,175.21.95.156
31,Sharon,Gissop,sgissopu@sogou.com,Female,8.90.191.65
32,Paten,Perfitt,pperfittv@about.me,Bigender,199.170.239.253
33,Daisy,Staining,dstainingw@rediff.com,Female,90.202.178.157
34,Kalvin,Gammell,kgammellx@accuweather.com,Male,141.222.102.92
35,Ned,Taree,ntareey@biglobe.ne.jp,Male,83.25.16.56
36,Eal,Roseblade,erosebladez@walmart.com,Male,82.250.217.90
37,Shani,Dominey,sdominey10@ft.com,Female,35.176.249.55
38,Hilliary,Ripley,hripley11@mapquest.com,Female,71.18.6.28
39,Mignonne,Marcu,mmarcu12@squarespace.com,Female,149.250.200.205
40,Sibella,Golt,sgolt13@bbc.co.uk,Female,164.222.89.52
41,Wyatt,Keyzor,wkeyzor14@census.gov,Male,171.157.25.167
42,Cristi,Flint,cflint15@imgur.com,Genderqueer,100.102.74.24
43,Corny,Lidyard,clidyard16@quantcast.com,Female,106.161.205.43
44,Fran,Anthony,fanthony17@last.fm,Agender,200.162.60.197
45,Nichols,Le Port,nleport18@vk.com,Male,32.39.123.172
46,Guillermo,Ilive,gilive19@japanpost.jp,Male,254.126.27.141
47,Farlay,Canadine,fcanadine1a@baidu.com,Agender,73.96.230.236
48,Adoree,Cosin,acosin1b@shop-pro.jp,Female,155.58.154.127
49,Corrina,Sodor,csodor1c@nationalgeographic.com,Female,154.104.179.245
50,Sisile,Rigeby,srigeby1d@biglobe.ne.jp,Female,107.63.196.211
51,Maxy,Ayerst,mayerst1e@flavors.me,Male,57.226.198.244
52,Sybila,Peerman,speerman1f@angelfire.com,Genderqueer,251.20.113.253
53,Brynne,Espy,bespy1g@opensource.org,Female,149.169.92.79
54,Walther,Battle,wbattle1h@etsy.com,Male,55.224.197.109
55,Jerrine,Le feuvre,jlefeuvre1i@storify.com,Bigender,225.15.121.61
56,Maureene,Eirwin,meirwin1j@gmpg.org,Female,206.55.206.91
57,Ted,Rattrie,trattrie1k@auda.org.au,Male,196.123.88.28
58,Alasdair,Robinett,arobinett1l@nhs.uk,Male,160.176.155.26
59,Filberto,Runnacles,frunnacles1m@goodreads.com,Male,36.120.155.57
60,Andromache,Dytham,adytham1n@exblog.jp,Female,223.237.254.129
61,Arlin,Klulisek,aklulisek1o@dropbox.com,Male,104.145.232.192
62,Cynde,Leebeter,cleebeter1p@instagram.com,Female,152.121.237.222
63,Olivier,Lindblom,olindblom1q@cbc.ca,Male,107.96.118.234
64,Madel,Robbie,mrobbie1r@sakura.ne.jp,Female,186.158.129.173
65,Gerri,Heckner,gheckner1s@sphinn.com,Female,167.69.238.193
66,Ame,Ruddin,aruddin1t@psu.edu,Genderfluid,152.45.121.99
67,Eryn,Brewse,ebrewse1u@bing.com,Female,227.183.53.229
68,Stephenie,Parris,sparris1v@newsvine.com,Female,159.80.100.140
69,Dannye,Liddiatt,dliddiatt1w@wikipedia.org,Genderqueer,9.133.39.249
70,Archambault,Grut,agrut1x@blogspot.com,Agender,18.253.232.210
71,Raddy,Dudliston,rdudliston1y@usda.gov,Male,232.97.213.24
72,Erin,Haquin,ehaquin1z@unicef.org,Male,52.158.162.255
73,Nanon,Rebanks,nrebanks20@businesswire.com,Agender,235.214.33.177
74,Domingo,Pascall,dpascall21@imdb.com,Male,222.96.105.220
75,Krystyna,Gouldstraw,kgouldstraw22@jiathis.com,Female,7.153.160.200
76,Dell,Chatten,dchatten23@sitemeter.com,Polygender,16.135.252.20
77,Artemus,Jorgensen,ajorgensen24@smh.com.au,Male,223.143.116.118
78,Hazel,Reolfo,hreolfo25@technorati.com,Male,237.214.92.34
79,Cyb,Grinyakin,cgrinyakin26@jimdo.com,Female,16.71.146.107
80,Duff,Liffey,dliffey27@dmoz.org,Non-binary,246.136.8.162
81,Donna,Brann,dbrann28@livejournal.com,Female,41.134.71.173
82,Alphonse,Foster-Smith,afostersmith29@latimes.com,Non-binary,97.129.56.125
83,Marylynne,Danis,mdanis2a@bloomberg.com,Female,255.32.84.12
84,Vanny,Jahnig,vjahnig2b@last.fm,Female,245.23.241.76
85,Hadrian,Colquite,hcolquite2c@photobucket.com,Male,227.183.77.24
86,Jay,Rives,jrives2d@ca.gov,Male,18.107.169.78
87,Louella,Prigg,lprigg2e@sfgate.com,Female,28.129.66.180
88,Carolyne,Keaveney,ckeaveney2f@posterous.com,Female,200.112.226.187
89,Emmit,Lerer,elerer2g@hostgator.com,Male,74.127.109.69
90,Elvera,O'Mohun,eomohun2h@oakley.com,Female,244.195.22.211
91,Morrie,Habron,mhabron2i@huffingtonpost.com,Male,203.41.196.25
92,Donn,Robbey,drobbey2j@ezinearticles.com,Male,118.203.16.251
93,Ofilia,Malzard,omalzard2k@ucsd.edu,Female,114.191.98.92
94,Theresita,Kleinhaus,tkleinhaus2l@networkadvertising.org,Female,55.237.156.161
95,Gnni,Orviss,gorviss2m@harvard.edu,Female,182.96.3.116
96,Davey,Olley,dolley2n@amazon.de,Male,181.243.248.147
97,Jodie,Jacobovitz,jjacobovitz2o@pbs.org,Female,149.6.218.7
98,Jakob,Bellward,jbellward2p@instagram.com,Male,116.0.188.225
99,Silvia,Gask,sgask2q@ycombinator.com,Female,170.74.172.45
100,Jordanna,Copes,jcopes2r@ebay.co.uk,Female,94.22.174.70
101,Rikki,Fandrey,rfandrey2s@about.com,Female,139.73.246.123
102,Therine,MacConnechie,tmacconnechie2t@google.com,Female,187.220.134.61
103,Barry,Brion,bbrion2u@hatena.ne.jp,Male,41.221.15.249
104,Conchita,Jarvie,cjarvie2v@unblog.fr,Female,63.54.170.123
105,Kalil,Glastonbury,kglastonbury2w@booking.com,Male,86.214.110.180
106,Elisha,Bourke,ebourke2x@reuters.com,Female,130.88.149.179
107,Gusta,Togwell,gtogwell2y@cpanel.net,Female,164.70.162.253
108,Kelwin,Brucker,kbrucker2z@amazon.co.jp,Male,122.63.140.93
109,Saxe,Worsall,sworsall30@moonfruit.com,Male,156.61.55.61
110,Lothaire,Sidlow,lsidlow31@google.cn,Polygender,143.42.146.187
111,Selestina,Perfitt,sperfitt32@google.it,Female,150.74.206.184
112,Kristan,Leeb,kleeb33@ca.gov,Female,157.56.217.20
113,Marwin,Fitkin,mfitkin34@vkontakte.ru,Male,199.2.235.37
114,Merline,Braddock,mbraddock35@cnet.com,Female,6.49.49.109
115,Abdel,Simmgen,asimmgen36@wufoo.com,Male,99.143.136.144
116,Jordan,Snodin,jsnodin37@shareasale.com,Male,215.141.10.221
117,Zechariah,Sushams,zsushams38@geocities.jp,Male,180.46.213.78
118,Dori,Buntain,dbuntain39@gov.uk,Female,252.94.79.26
119,Bobby,Eddolls,beddolls3a@squarespace.com,Female,242.65.172.39
120,Curtice,Wrightham,cwrightham3b@goo.ne.jp,Male,95.194.165.80
121,Adrien,McKinnon,amckinnon3c@vk.com,Male,86.213.75.105
122,Ibrahim,Luc,iluc3d@sbwire.com,Male,89.167.147.120
123,Ninetta,Bouldstridge,nbouldstridge3e@tinyurl.com,Female,185.76.169.146
124,Yankee,Peasegood,ypeasegood3f@answers.com,Male,164.164.40.177
125,Gussi,Raleston,graleston3g@plala.or.jp,Female,38.216.28.132
126,Sam,Ghio,sghio3h@dmoz.org,Male,176.149.159.110
127,Gavra,Weatherhogg,gweatherhogg3i@army.mil,Female,197.20.176.24
128,Devin,Tweedle,dtweedle3j@dyndns.org,Female,9.183.158.95
129,Pattie,Kenwin,pkenwin3k@4shared.com,Male,89.105.34.148
130,Rollin,Soan,rsoan3l@usgs.gov,Male,200.179.95.111
131,Ephrem,Geldard,egeldard3m@nymag.com,Male,253.224.37.127
132,Candide,Bassindale,cbassindale3n@microsoft.com,Female,101.157.63.185
133,Hilly,Townby,htownby3o@php.net,Male,9.218.158.250
134,Florencia,Remnant,fremnant3p@woothemes.com,Female,114.232.52.251
135,Halli,Ebbens,hebbens3q@amazon.de,Female,94.175.76.58
136,Perren,Quadling,pquadling3r@altervista.org,Male,73.22.155.231
137,Lamar,Trittam,ltrittam3s@alexa.com,Male,110.49.52.157
138,Brett,Thomel,bthomel3t@acquirethisname.com,Male,252.117.225.235
139,Vail,Muckersie,vmuckersie3u@youku.com,Male,252.140.165.241
140,Olag,Merrick,omerrick3v@nsw.gov.au,Male,104.40.238.8
141,Joni,Andrivel,jandrivel3w@reuters.com,Female,212.100.235.219
142,Loella,Ganderton,lganderton3x@mlb.com,Female,160.171.62.74
143,Karon,Venmore,kvenmore3y@dagondesign.com,Female,204.74.206.138
144,Tallie,Lippett,tlippett3z@furl.net,Male,75.96.215.1
145,Eula,Caulier,ecaulier40@nps.gov,Female,7.101.88.34
146,Anabel,Matyushonok,amatyushonok41@sfgate.com,Female,227.204.254.88
147,Curtis,Houten,chouten42@icq.com,Male,29.148.19.175
148,Harv,Grugerr,hgrugerr43@bbc.co.uk,Male,22.66.174.242
149,Paddy,Presnall,ppresnall44@ow.ly,Male,162.94.29.173
150,Gerry,Gross,ggross45@freewebs.com,Female,56.177.104.59
151,Lia,Rodmell,lrodmell46@wikipedia.org,Female,41.252.41.55
152,Ambrosio,Fears,afears47@woothemes.com,Male,13.241.85.41
153,Allie,Gittens,agittens48@tripadvisor.com,Male,49.25.81.194
154,Carolin,Bigadike,cbigadike49@360.cn,Female,16.151.103.179
155,Shirl,Lamborne,slamborne4a@weibo.com,Female,115.64.186.98
156,Evelin,Gallo,egallo4b@paginegialle.it,Male,251.232.57.105
157,Farrel,Driver,fdriver4c@w3.org,Male,54.253.13.2
158,Lyssa,Milne,lmilne4d@time.com,Female,191.40.242.111
159,Carleton,Regus,cregus4e@sciencedirect.com,Male,231.147.142.78
160,Aylmer,Normadell,anormadell4f@epa.gov,Male,9.13.71.50
161,Michel,Meffin,mmeffin4g@timesonline.co.uk,Male,53.69.197.56
162,Jeanne,Insley,jinsley4h@bigcartel.com,Female,0.37.93.255
163,Webb,Lathwood,wlathwood4i@liveinternet.ru,Bigender,23.189.222.75
164,Francois,Barraclough,fbarraclough4j@amazon.de,Male,202.178.209.145
165,Maire,Althrop,malthrop4k@shop-pro.jp,Bigender,193.224.52.46
166,Aurelie,Paine,apaine4l@rediff.com,Female,76.153.86.187
167,Beatrice,Bortoletti,bbortoletti4m@indiatimes.com,Female,150.59.79.192
168,Della,Plimmer,dplimmer4n@fotki.com,Female,186.108.163.68
169,Duncan,Luckett,dluckett4o@skype.com,Male,54.148.65.168
170,Harlie,York,hyork4p@bizjournals.com,Female,192.165.250.192
171,Alia,White,awhite4q@sciencedirect.com,Female,224.35.226.141
172,Stormy,Rudkin,srudkin4r@google.com.hk,Female,249.171.119.153
173,Lelia,Rathke,lrathke4s@technorati.com,Female,187.56.210.195
174,Jodi,Shearsby,jshearsby4t@netlog.com,Male,111.234.219.30
175,Brodie,Pratton,bpratton4u@tumblr.com,Non-binary,249.204.196.57
176,Valene,Maciejewski,vmaciejewski4v@pcworld.com,Female,49.123.98.93
177,Barclay,Corteis,bcorteis4w@google.nl,Male,248.178.6.65
178,Isa,Cogan,icogan4x@xrea.com,Male,86.75.207.109
179,Kathy,Fancutt,kfancutt4y@bandcamp.com,Female,58.78.163.130
180,Porter,Ratie,pratie4z@naver.com,Male,83.127.195.48
181,Pammi,Gallamore,pgallamore50@abc.net.au,Female,58.172.233.229
182,Bathsheba,Neillans,bneillans51@youku.com,Female,53.230.209.38
183,Marshall,Boneham,mboneham52@narod.ru,Male,133.146.170.170
184,Woodrow,Coulman,wcoulman53@bing.com,Male,196.70.245.93
185,Julianne,Sakins,jsakins54@1und1.de,Female,30.119.141.91
186,Christye,Warlock,cwarlock55@tumblr.com,Polygender,100.13.193.68
187,Rani,Harpham,rharpham56@nyu.edu,Female,27.175.22.157
188,Morgen,Filipponi,mfilipponi57@engadget.com,Female,57.188.35.26
189,Dennie,Wawer,dwawer58@zimbio.com,Female,98.138.97.228
190,Nicolai,Purselow,npurselow59@foxnews.com,Bigender,56.34.227.110
191,Shanta,Sans,ssans5a@stanford.edu,Female,34.60.63.252
192,Leigh,Filipputti,lfilipputti5b@cornell.edu,Male,240.117.146.154
193,Ulrick,Hundal,uhundal5c@mapquest.com,Male,56.43.182.247
194,Lemmy,Joskowitz,ljoskowitz5d@statcounter.com,Male,166.60.115.246
195,Phelia,Haverty,phaverty5e@nhs.uk,Agender,84.90.218.231
196,Flory,Killick,fkillick5f@nationalgeographic.com,Male,115.51.195.213
197,Joaquin,Zoephel,jzoephel5g@mlb.com,Male,179.218.179.145
198,Vasili,MacGarvey,vmacgarvey5h@zdnet.com,Agender,133.83.60.127
199,Alexi,Braim,abraim5i@phoca.cz,Female,195.1.175.239
200,Lanni,Buy,lbuy5j@seattletimes.com,Female,62.77.229.129
201,Joyan,Renhard,jrenhard5k@feedburner.com,Female,71.73.190.68
202,Dev,Fortune,dfortune5l@fotki.com,Male,239.253.35.19
203,Tammy,Gommery,tgommery5m@cargocollective.com,Male,14.55.61.184
204,Aldridge,Radloff,aradloff5n@sakura.ne.jp,Male,255.110.17.171
205,Nani,Arnott,narnott5o@hhs.gov,Bigender,113.158.227.93
206,Luisa,Gobert,lgobert5p@jimdo.com,Female,9.53.86.220
207,Jandy,Aburrow,jaburrow5q@fda.gov,Female,166.218.123.64
208,Moore,Mordecai,mmordecai5r@yahoo.co.jp,Male,138.162.42.193
209,Rochette,Birrel,rbirrel5s@vinaora.com,Female,218.127.30.223
210,Glen,Robertsen,grobertsen5t@ucoz.ru,Male,244.88.204.73
211,Free,von Hagt,fvonhagt5u@fastcompany.com,Polygender,66.45.228.79
212,Travus,Balhatchet,tbalhatchet5v@creativecommons.org,Male,170.96.210.210
213,Salvador,McKillop,smckillop5w@slate.com,Male,186.214.63.35
214,Aldo,Barrington,abarrington5x@wufoo.com,Male,196.224.226.22
215,Shea,Cavet,scavet5y@storify.com,Male,163.149.104.197
216,Alisun,Dey,adey5z@sitemeter.com,Female,35.99.137.151
217,Cathlene,Witherden,cwitherden60@aol.com,Female,164.218.115.235
218,Ally,Lawday,alawday61@mapquest.com,Female,143.139.229.197
219,Nollie,Bennet,nbennet62@bravesites.com,Female,215.125.17.85
220,Ruperto,Lilbourne,rlilbourne63@redcross.org,Male,13.95.135.177
221,Courtnay,Snowling,csnowling64@privacy.gov.au,Male,98.8.160.205
222,Blanch,Stellino,bstellino65@dailymail.co.uk,Non-binary,31.32.107.46
223,Hakim,Geeves,hgeeves66@omniture.com,Male,83.37.110.159
224,Stephan,Gabbitis,sgabbitis67@issuu.com,Male,52.39.35.82
225,Marcelline,Vere,mvere68@example.com,Female,56.42.222.212
226,Jamie,Colliford,jcolliford69@wsj.com,Male,218.9.72.243
227,Alissa,Keepence,akeepence6a@theglobeandmail.com,Female,43.14.75.243
228,Minny,Mityukov,mmityukov6b@cornell.edu,Female,210.66.107.184
229,Gayelord,Peploe,gpeploe6c@auda.org.au,Male,228.226.213.72
230,Son,Quincey,squincey6d@adobe.com,Bigender,50.177.4.89
231,Marilin,Pepperill,mpepperill6e@sciencedaily.com,Female,9.163.237.229
232,Ardys,Litchfield,alitchfield6f@hhs.gov,Female,88.80.70.147
233,Ignace,Lyst,ilyst6g@google.ca,Male,118.216.79.130
234,Graeme,While,gwhile6h@ucsd.edu,Male,225.207.252.121
235,Ferris,Weathers,fweathers6i@discuz.net,Male,230.55.22.183
236,Cullie,Murcutt,cmurcutt6j@hao123.com,Male,104.35.230.158
237,Charis,Ciccarelli,cciccarelli6k@wordpress.com,Female,73.137.79.32
238,Trevor,Comfort,tcomfort6l@1688.com,Male,125.255.71.83
239,Harry,Fahy,hfahy6m@omniture.com,Male,163.231.149.116
240,Marmaduke,Muccino,mmuccino6n@usgs.gov,Male,36.253.227.114
241,Rici,Walkden,rwalkden6o@phoca.cz,Female,181.69.215.191
242,Therine,Krikorian,tkrikorian6p@weibo.com,Female,247.234.141.84
243,Violetta,Edmonstone,vedmonstone6q@ebay.co.uk,Female,25.77.60.56
244,Harriot,Kleynermans,hkleynermans6r@dedecms.com,Female,254.209.213.76
245,Ruthie,Fidge,rfidge6s@macromedia.com,Female,24.128.235.178
246,Roxi,Timlett,rtimlett6t@blogs.com,Female,152.19.10.105
247,Myrtia,Clinning,mclinning6u@xrea.com,Female,128.29.242.145
248,Wyndham,Works,wworks6v@omniture.com,Male,116.73.55.162
249,Byran,Stolting,bstolting6w@yellowpages.com,Male,47.253.233.188
250,Sherrie,Burnhard,sburnhard6x@webmd.com,Female,148.90.22.182
251,Michaelina,Iannetti,miannetti6y@google.nl,Female,240.11.193.102
252,Fredric,Loblie,floblie6z@clickbank.net,Male,24.65.241.223
253,Beverlie,Dable,bdable70@lycos.com,Female,82.239.48.9
254,Leland,Stollenbeck,lstollenbeck71@delicious.com,Female,26.250.140.160
255,Chelsea,Reddie,creddie72@myspace.com,Female,156.255.178.104
256,Georgeanne,Greenin,ggreenin73@alibaba.com,Bigender,231.128.34.92
257,Neddy,Chastaing,nchastaing74@netvibes.com,Male,113.125.123.231
258,Madella,Standering,mstandering75@geocities.com,Female,66.184.139.93
259,Myrna,Jaume,mjaume76@behance.net,Female,122.102.169.31
260,Kali,McNellis,kmcnellis77@angelfire.com,Female,144.79.90.247
261,Maure,Askham,maskham78@1688.com,Female,128.23.222.95
262,Linda,Bambridge,lbambridge79@fotki.com,Female,118.195.127.9
263,Kelley,Woodburne,kwoodburne7a@over-blog.com,Female,66.172.217.244
264,Rodrick,Lamacraft,rlamacraft7b@devhub.com,Male,58.218.1.109
265,Margarethe,Falks,mfalks7c@soundcloud.com,Female,152.104.154.74
266,Trever,MacRury,tmacrury7d@dailymail.co.uk,Genderfluid,89.14.142.46
267,Fairleigh,Robiot,frobiot7e@technorati.com,Male,42.11.220.202
268,Anselm,Danilchev,adanilchev7f@edublogs.org,Male,238.215.4.185
269,Chrissie,Allwright,callwright7g@home.pl,Female,95.88.48.112
270,Cristine,Coutts,ccoutts7h@google.cn,Female,205.107.16.44
271,Guillermo,Shaplin,gshaplin7i@diigo.com,Male,147.242.10.199
272,Lynn,Ferrulli,lferrulli7j@themeforest.net,Male,181.210.200.44
273,Nobe,Dehm,ndehm7k@pen.io,Male,126.224.148.158
274,Connor,Stanney,cstanney7l@sohu.com,Male,172.196.37.179
275,Whitby,Fielders,wfielders7m@imageshack.us,Male,194.185.226.5
276,Gaylor,Lomasny,glomasny7n@latimes.com,Male,66.162.16.203
277,Deane,Betterton,dbetterton7o@unesco.org,Female,239.6.122.3
278,Robbert,Garratty,rgarratty7p@feedburner.com,Male,179.187.129.211
279,Felic,Shields,fshields7q@nps.gov,Male,254.155.246.73
280,Arty,Duffer,aduffer7r@reuters.com,Male,203.62.213.200
281,Rheta,Szubert,rszubert7s@about.me,Female,202.37.76.209
282,Marion,Lamb,mlamb7t@skyrock.com,Female,19.27.252.75
283,Gallard,Denisard,gdenisard7u@howstuffworks.com,Male,162.125.200.220
284,Chip,Simonassi,csimonassi7v@ebay.co.uk,Male,68.205.235.24
285,Gilbert,Dulton,gdulton7w@1688.com,Male,46.73.28.219
286,Erie,Calvie,ecalvie7x@cdbaby.com,Genderqueer,110.58.84.207
287,Gypsy,Degli Antoni,gdegliantoni7y@ycombinator.com,Female,231.191.91.17
288,Keen,Gaylard,kgaylard7z@cdbaby.com,Male,129.124.105.160
289,Candra,Chillingsworth,cchillingsworth80@elegantthemes.com,Female,168.173.104.140
290,Odelinda,Finlaison,ofinlaison81@oaic.gov.au,Female,34.163.182.140
291,Francine,Kardos,fkardos82@jiathis.com,Bigender,187.32.11.139
292,Regan,Zellick,rzellick83@cloudflare.com,Male,104.129.146.79
293,Kean,Carling,kcarling84@java.com,Male,52.14.238.52
294,Alfons,Leivers,aleivers85@myspace.com,Male,124.239.77.99
295,Judas,Patty,jpatty86@youku.com,Male,147.214.51.24
296,Ulberto,Abys,uabys87@webs.com,Male,254.235.158.146
297,Fletcher,Beddoes,fbeddoes88@yahoo.co.jp,Male,202.71.53.43
298,Jannel,Dawney,jdawney89@hexun.com,Female,128.222.57.1
299,Jarad,Bunford,jbunford8a@census.gov,Male,152.147.119.46
300,Angie,Sunter,asunter8b@webs.com,Male,169.171.137.144
301,Salli,Hasnney,shasnney8c@tinyurl.com,Female,125.36.241.25
302,Courtnay,Clover,cclover8d@columbia.edu,Male,39.127.128.56
303,Gracia,Koopman,gkoopman8e@amazonaws.com,Female,47.83.96.243
304,Letti,Monelle,lmonelle8f@gizmodo.com,Female,59.156.106.13
305,Drew,Unitt,dunitt8g@salon.com,Male,16.31.122.118
306,Hillie,Wescott,hwescott8h@webmd.com,Male,28.111.70.205
307,Dionne,Pacheco,dpacheco8i@shareasale.com,Female,205.188.244.126
308,Kessiah,Cottage,kcottage8j@state.tx.us,Female,23.198.78.88
309,Sonnie,Iliffe,siliffe8k@sun.com,Male,9.231.31.31
310,Mercie,Bastie,mbastie8l@a8.net,Female,210.233.98.155
311,Brian,Cattermull,bcattermull8m@tmall.com,Agender,209.88.134.195
312,Tersina,Flaunier,tflaunier8n@elpais.com,Female,17.114.149.227
313,Suzette,Dorr,sdorr8o@yahoo.co.jp,Female,8.58.86.168
314,Raviv,Kain,rkain8p@netlog.com,Genderfluid,244.122.207.128
315,Kimberli,Lilburne,klilburne8q@deliciousdays.com,Female,82.10.85.40
316,Trey,Reihill,treihill8r@examiner.com,Male,97.178.64.180
317,Hugues,Gradly,hgradly8s@nature.com,Male,44.73.29.209
318,Sissy,Hardage,shardage8t@technorati.com,Female,225.15.15.36
319,Solomon,Blachford,sblachford8u@cam.ac.uk,Male,154.165.30.226
320,Didi,D'eathe,ddeathe8v@feedburner.com,Female,163.216.2.173
321,Jerome,Synder,jsynder8w@columbia.edu,Male,202.147.69.155
322,Kerby,Jacobowits,kjacobowits8x@ning.com,Male,209.58.166.224
323,Reade,Malthouse,rmalthouse8y@cloudflare.com,Male,73.1.180.131
324,Taffy,Braim,tbraim8z@upenn.edu,Female,128.245.187.17
325,Agatha,Claris,aclaris90@cmu.edu,Female,182.235.78.124
326,Alaric,Ferrario,aferrario91@earthlink.net,Male,195.157.233.124
327,Lorena,Hundley,lhundley92@engadget.com,Female,144.149.101.29
328,Isac,Pichmann,ipichmann93@indiegogo.com,Male,173.163.227.199
329,Toddy,Robinette,trobinette94@disqus.com,Male,62.100.219.93
330,Orin,Thresh,othresh95@xrea.com,Male,53.159.184.185
331,Della,Haythornthwaite,dhaythornthwaite96@usgs.gov,Female,229.131.167.154
332,Jay,Fonzone,jfonzone97@cbsnews.com,Male,79.92.92.127
333,Amanda,Pavel,apavel98@360.cn,Female,37.248.2.73
334,Jedd,Clutram,jclutram99@reuters.com,Male,30.122.30.66
335,Sal,Farrans,sfarrans9a@zimbio.com,Male,18.224.215.63
336,Charlot,Yair,cyair9b@macromedia.com,Female,166.192.37.128
337,Isis,Pring,ipring9c@mac.com,Female,119.252.95.86
338,Andres,Margerrison,amargerrison9d@domainmarket.com,Male,63.2.83.94
339,Shauna,Pesterfield,spesterfield9e@about.me,Female,221.170.197.22
340,Faustine,Whissell,fwhissell9f@webs.com,Female,245.48.66.68
341,Rhianna,Eskrick,reskrick9g@ning.com,Female,53.180.166.55
342,Octavia,Issitt,oissitt9h@state.tx.us,Female,154.38.246.96
343,Valentin,Vasyushkhin,vvasyushkhin9i@apple.com,Male,17.217.48.82
344,Kort,Croughan,kcroughan9j@paypal.com,Male,212.109.98.103
345,Stanfield,Rapper,srapper9k@hud.gov,Genderqueer,102.218.23.234
346,Lib,Ducarel,lducarel9l@topsy.com,Female,163.33.61.126
347,Bartel,Hanrahan,bhanrahan9m@desdev.cn,Male,249.246.52.241
348,Nathaniel,Bilsborrow,nbilsborrow9n@zimbio.com,Male,2.82.48.32
349,Jania,Cossar,jcossar9o@zdnet.com,Female,122.220.91.206
350,Broderick,Glasscott,bglasscott9p@hugedomains.com,Male,150.23.122.125
351,Amabelle,Pollitt,apollitt9q@oracle.com,Female,63.182.233.70
352,Dede,Le Strange,dlestrange9r@google.co.uk,Female,76.22.99.230
353,Tulley,Stanmer,tstanmer9s@rakuten.co.jp,Male,52.5.31.80
354,Hannie,Gorrie,hgorrie9t@mysql.com,Female,11.76.247.191
355,Taite,Newcomb,tnewcomb9u@washingtonpost.com,Male,246.11.62.100
356,Rhys,Angood,rangood9v@europa.eu,Male,187.54.210.120
357,Rudolfo,Bogays,rbogays9w@surveymonkey.com,Male,66.148.76.107
358,Aidan,Kirman,akirman9x@google.pl,Female,179.213.14.56
359,Fan,Binch,fbinch9y@scientificamerican.com,Female,254.25.114.128
360,Taylor,Logg,tlogg9z@hhs.gov,Male,20.168.182.60
361,Billye,Starkey,bstarkeya0@comcast.net,Female,13.142.62.233
362,Ardys,Bertelet,aberteleta1@posterous.com,Female,185.186.17.5
363,Sibella,Stovell,sstovella2@netvibes.com,Female,202.13.166.150
364,Bentley,Deneve,bdenevea3@delicious.com,Male,180.214.149.202
365,Hillyer,Cranfield,hcranfielda4@fastcompany.com,Genderqueer,13.62.41.144
366,Walden,Dran,wdrana5@smh.com.au,Male,233.67.57.3
367,Randolph,Storror,rstorrora6@taobao.com,Male,165.170.171.34
368,Fulvia,McGinlay,fmcginlaya7@hibu.com,Female,33.167.90.125
369,Evanne,Skrine,eskrinea8@wisc.edu,Female,14.222.254.10
370,Dyna,Lothlorien,dlothloriena9@yelp.com,Female,15.45.54.44
371,Netti,Dagwell,ndagwellaa@tuttocitta.it,Agender,125.215.56.114
372,Grayce,Jephcott,gjephcottab@howstuffworks.com,Female,89.50.217.185
373,Luelle,Hegg,lheggac@xinhuanet.com,Female,82.29.61.172
374,Lawrence,Halse,lhalsead@virginia.edu,Male,159.1.136.78
375,Langston,Walpole,lwalpoleae@uiuc.edu,Male,167.91.190.94
376,Shara,Samwaye,ssamwayeaf@bbb.org,Female,15.198.7.177
377,Celinka,O'Brogan,cobroganag@feedburner.com,Female,112.181.208.109
378,Priscilla,Vannet,pvannetah@google.de,Polygender,20.234.143.40
379,Nonie,Luetkemeyer,nluetkemeyerai@123-reg.co.uk,Female,88.71.221.208
380,Giffer,Galbreath,ggalbreathaj@squarespace.com,Male,90.19.21.15
381,Garwood,Blunn,gblunnak@instagram.com,Male,137.121.222.41
382,Blake,Rawkesby,brawkesbyal@devhub.com,Male,185.124.213.62
383,Lexine,Roalfe,lroalfeam@infoseek.co.jp,Female,183.193.25.33
384,Rolph,Shadrack,rshadrackan@macromedia.com,Male,44.32.49.220
385,Twila,Churchward,tchurchwardao@odnoklassniki.ru,Female,40.175.78.250
386,Correna,Gladdin,cgladdinap@so-net.ne.jp,Genderfluid,208.228.99.136
387,Levi,Braine,lbraineaq@cocolog-nifty.com,Male,22.115.226.248
388,Rafael,Umbert,rumbertar@phpbb.com,Male,57.20.62.84
389,Gian,Stife,gstifeas@uol.com.br,Male,235.121.57.170
390,Min,Mantha,mmanthaat@paginegialle.it,Female,152.134.215.129
391,Vaclav,Karle,vkarleau@sfgate.com,Male,23.218.132.63
392,Malina,Camp,mcampav@last.fm,Agender,133.198.164.175
393,Belva,Gritland,bgritlandaw@dot.gov,Female,69.160.97.140
394,Hanna,Lucia,hluciaax@pagesperso-orange.fr,Female,131.97.76.176
395,Fax,Townsley,ftownsleyay@microsoft.com,Male,9.112.127.87
396,Lauraine,Windress,lwindressaz@ifeng.com,Female,219.172.184.177
397,Alexandre,Kenwright,akenwrightb0@blogspot.com,Male,220.126.130.188
398,Trescha,Antonias,tantoniasb1@google.co.jp,Female,90.192.26.129
399,Ravi,Riccioppo,rriccioppob2@networkadvertising.org,Male,102.118.170.243
400,Cinda,Eley,celeyb3@bizjournals.com,Female,3.52.58.148
401,Bettine,O' Dooley,bodooleyb4@statcounter.com,Female,248.164.94.136
402,Lexy,Bottelstone,lbottelstoneb5@prweb.com,Female,208.67.5.88
403,Kristian,Ibbotson,kibbotsonb6@nymag.com,Male,110.243.227.13
404,Dasie,Astill,dastillb7@jimdo.com,Female,234.44.14.138
405,Brynne,Leheude,bleheudeb8@yolasite.com,Female,33.3.70.221
406,Tremain,Bowell,tbowellb9@reverbnation.com,Male,12.136.236.231
407,Kris,Truckell,ktruckellba@admin.ch,Female,91.224.181.98
408,Roxy,Gunter,rgunterbb@dot.gov,Bigender,137.30.127.161
409,Dorey,Joist,djoistbc@statcounter.com,Male,174.148.75.209
410,Joyann,Westall,jwestallbd@unicef.org,Female,158.107.119.185
411,Kendricks,Gimeno,kgimenobe@ucoz.com,Male,244.51.84.78
412,Bess,Braunston,bbraunstonbf@people.com.cn,Female,82.144.24.200
413,Henderson,Russam,hrussambg@google.nl,Male,57.82.126.180
414,Muffin,Faill,mfaillbh@mayoclinic.com,Male,104.205.141.49
415,Uri,Grange,ugrangebi@youtube.com,Male,111.126.119.53
416,Amata,Keddie,akeddiebj@mtv.com,Female,209.75.103.118
417,Rosemaria,Cable,rcablebk@businessinsider.com,Female,53.62.255.80
418,Dehlia,Lockery,dlockerybl@abc.net.au,Female,154.40.200.93
419,Kira,Vautier,kvautierbm@freewebs.com,Female,33.6.21.124
420,Marci,Thresher,mthresherbn@vkontakte.ru,Female,211.199.130.255
421,Tedman,Rayment,traymentbo@geocities.jp,Male,159.124.70.26
422,Damon,Summerill,dsummerillbp@technorati.com,Male,172.14.88.0
423,Catharine,Jaggs,cjaggsbq@dot.gov,Female,147.116.47.33
424,Shauna,Pedroni,spedronibr@redcross.org,Female,114.62.195.214
425,Koren,Habishaw,khabishawbs@ed.gov,Female,142.83.213.100
426,Issie,Waliszewski,iwaliszewskibt@bbb.org,Female,251.120.194.248
427,Burnard,Schultz,bschultzbu@miibeian.gov.cn,Male,126.86.120.87
428,Casar,Sherwyn,csherwynbv@yahoo.co.jp,Male,90.162.14.67
429,Gunar,Ibbott,gibbottbw@nationalgeographic.com,Non-binary,176.145.148.206
430,Valdemar,Cheney,vcheneybx@soup.io,Male,166.157.238.24
431,Johnathan,Gradwell,jgradwellby@examiner.com,Non-binary,85.31.51.168
432,Tomaso,Paskins,tpaskinsbz@lulu.com,Male,218.243.160.193
433,Tobit,Shane,tshanec0@examiner.com,Male,171.235.225.137
434,Guillemette,Mellon,gmellonc1@etsy.com,Female,239.194.158.101
435,Kerri,Shortall,kshortallc2@multiply.com,Female,77.108.131.233
436,Corny,Norman,cnormanc3@google.nl,Female,127.130.71.15
437,Olive,Faulo,ofauloc4@dyndns.org,Female,190.242.42.9
438,Tracey,Ahmed,tahmedc5@devhub.com,Agender,37.150.51.247
439,Delainey,Sherwyn,dsherwync6@123-reg.co.uk,Male,60.174.110.33
440,Gayleen,Waplinton,gwaplintonc7@istockphoto.com,Female,182.197.53.65
441,Torrance,Hellard,thellardc8@stanford.edu,Male,168.116.133.77
442,Karlene,Lindegard,klindegardc9@nyu.edu,Female,175.106.121.232
443,Rafaello,Wynrahame,rwynrahameca@patch.com,Male,229.159.183.203
444,Jobie,Pert,jpertcb@angelfire.com,Female,99.203.14.120
445,Irwin,Hayselden,ihayseldencc@ezinearticles.com,Male,114.220.109.80
446,Oralla,Pardoe,opardoecd@paypal.com,Non-binary,75.113.167.235
447,Yasmin,De Cleen,ydecleence@wikia.com,Female,163.199.83.254
448,Nanny,Watterson,nwattersoncf@examiner.com,Non-binary,39.142.155.65
449,Nickie,Kirmond,nkirmondcg@webmd.com,Female,183.192.198.207
450,Evan,Magowan,emagowanch@chron.com,Non-binary,203.103.190.51
451,Arel,Dagger,adaggerci@bigcartel.com,Male,240.149.140.46
452,Karoline,Cicconetti,kcicconetticj@github.io,Female,133.106.58.233
453,Westbrook,Aristide,waristideck@google.nl,Male,100.164.243.33
454,Maye,Griss,mgrisscl@boston.com,Non-binary,252.54.96.177
455,Putnem,Pitrasso,ppitrassocm@dailymail.co.uk,Male,112.21.118.212
456,Elizabeth,Krug,ekrugcn@nifty.com,Female,16.97.92.225
457,Vivi,Spain,vspainco@cafepress.com,Female,183.6.86.213
458,Francene,Malins,fmalinscp@sourceforge.net,Female,131.251.109.36
459,Giuditta,Richings,grichingscq@newyorker.com,Female,66.24.133.246
460,Karlens,Savile,ksavilecr@google.com.hk,Male,249.139.190.135
461,Roby,Ciccottio,rciccottiocs@mlb.com,Female,151.86.42.169
462,Dud,Ding,ddingct@jimdo.com,Male,157.203.220.216
463,Wandie,Lattin,wlattincu@163.com,Female,36.33.54.52
464,Darrick,Cairney,dcairneycv@foxnews.com,Male,86.230.138.68
465,Berkie,Millin,bmillincw@nyu.edu,Non-binary,49.68.73.122
466,Olva,Josskowitz,ojosskowitzcx@thetimes.co.uk,Female,79.87.53.67
467,Waring,Rizziello,wrizziellocy@mapy.cz,Male,119.67.33.254
468,Renelle,Brecher,rbrechercz@wix.com,Female,134.39.136.68
469,Alden,Corr,acorrd0@edublogs.org,Male,215.70.40.10
470,Iolande,Iapico,iiapicod1@sina.com.cn,Female,27.28.202.35
471,Jacobo,Pietruszka,jpietruszkad2@pen.io,Male,160.89.47.122
472,Dennis,McKiernan,dmckiernand3@goo.gl,Male,123.207.137.151
473,Scarlet,Gillings,sgillingsd4@nba.com,Female,192.194.220.120
474,Georgianna,Ivanyutin,givanyutind5@nsw.gov.au,Female,194.63.238.179
475,Nancee,Bantick,nbantickd6@spiegel.de,Female,161.190.222.197
476,Frasco,Rens,frensd7@yelp.com,Male,75.233.255.74
477,Althea,Farquharson,afarquharsond8@who.int,Female,113.55.162.138
478,Taryn,Michelin,tmichelind9@tinyurl.com,Agender,232.218.18.152
479,Erhart,Cansfield,ecansfieldda@newsvine.com,Male,4.72.99.154
480,Sig,Shevlane,sshevlanedb@clickbank.net,Male,144.249.191.180
481,Carrol,Ughini,cughinidc@buzzfeed.com,Male,230.49.84.55
482,Graham,Tolefree,gtolefreedd@1und1.de,Male,162.117.60.33
483,Trixie,Moston,tmostonde@ask.com,Female,24.22.217.91
484,Ollie,Mohun,omohundf@edublogs.org,Female,91.85.37.49
485,Phyllys,Maplestone,pmaplestonedg@about.me,Female,191.19.88.238
486,Bellanca,Gayne,bgaynedh@telegraph.co.uk,Genderfluid,46.53.154.249
487,Prince,Keeltagh,pkeeltaghdi@ftc.gov,Male,161.139.223.239
488,Adora,Shivell,ashivelldj@umich.edu,Female,32.177.231.7
489,Melisande,Kinnen,mkinnendk@slate.com,Female,39.169.216.196
490,Barbie,Padbery,bpadberydl@bbb.org,Female,144.35.147.148
491,Tildy,Castanyer,tcastanyerdm@newsvine.com,Female,174.198.96.10
492,Blake,Gilston,bgilstondn@tamu.edu,Male,167.60.26.72
493,Putnem,Castlake,pcastlakedo@unblog.fr,Male,66.138.147.113
494,Melvin,Delong,mdelongdp@jigsy.com,Male,26.64.45.22
495,Deanne,Couves,dcouvesdq@phpbb.com,Female,190.247.165.26
496,Rozelle,McAuslene,rmcauslenedr@smugmug.com,Female,70.226.165.105
497,Melisenda,Berthome,mberthomeds@ovh.net,Female,237.202.90.222
498,Nobie,Grisenthwaite,ngrisenthwaitedt@taobao.com,Male,198.199.193.18
499,Aretha,Churchill,achurchilldu@pbs.org,Female,150.67.160.1
500,Garey,Donavan,gdonavandv@wordpress.org,Male,1.20.56.1
501,Adrian,Dibden,adibdendw@php.net,Male,171.192.149.13
502,Franni,Lavallin,flavallindx@istockphoto.com,Female,147.191.61.235
503,Halley,Paulon,hpaulondy@youtu.be,Female,250.141.96.253
504,Bron,Beazer,bbeazerdz@yahoo.co.jp,Male,230.169.130.22
505,Jonas,Koomar,jkoomare0@ebay.com,Male,248.33.184.65
506,Rodrigo,Hail,rhaile1@a8.net,Male,9.2.224.68
507,Lisle,Cockburn,lcockburne2@amazon.co.uk,Male,177.211.115.49
508,Gwenny,Messier,gmessiere3@php.net,Female,163.13.107.219
509,Arlena,Extence,aextencee4@google.ca,Female,120.182.132.235
510,Annalise,Yearn,ayearne5@weather.com,Female,248.235.182.7
511,Stacy,Rawkesby,srawkesbye6@dagondesign.com,Male,98.85.51.230
512,Donny,Beaudry,dbeaudrye7@state.tx.us,Male,190.194.210.150
513,Sherri,Wofenden,swofendene8@last.fm,Female,83.199.205.232
514,Lula,Whieldon,lwhieldone9@hc360.com,Female,185.71.2.191
515,Flin,Ragborne,fragborneea@oakley.com,Male,91.68.246.31
516,Marsha,Asee,maseeeb@php.net,Female,62.1.219.85
517,Miles,Sturror,msturrorec@apache.org,Male,212.91.46.213
518,Mitzi,Gapper,mgappered@imdb.com,Female,245.222.28.214
519,Siouxie,Rennenbach,srennenbachee@live.com,Female,38.55.125.79
520,Rebe,Diloway,rdilowayef@rakuten.co.jp,Female,119.119.42.136
521,Clyde,Pashley,cpashleyeg@hc360.com,Male,77.156.209.194
522,Marlyn,Nicely,mnicelyeh@cornell.edu,Bigender,190.111.138.199
523,Karin,Canter,kcanterei@ifeng.com,Female,210.147.87.95
524,Agnola,Rollingson,arollingsonej@discuz.net,Female,45.107.33.50
525,Antonetta,Bennallck,abennallckek@mashable.com,Female,73.113.180.54
526,Heidie,Jakeman,hjakemanel@examiner.com,Female,35.26.139.220
527,Wayland,Hail,whailem@globo.com,Male,227.126.239.59
528,Brenna,McKimm,bmckimmen@list-manage.com,Female,246.78.7.192
529,Daisi,Pettet,dpetteteo@tumblr.com,Female,56.215.180.100
530,Carmita,MacGowan,cmacgowanep@umn.edu,Female,105.39.232.52
531,Jodi,Fessions,jfessionseq@netlog.com,Female,202.193.58.103
532,Chandal,Galland,cgallander@tuttocitta.it,Female,227.46.61.194
533,Karie,Coopey,kcoopeyes@chronoengine.com,Female,73.221.102.252
534,Marje,Schiementz,mschiementzet@wikia.com,Female,162.1.169.191
535,Rowney,Casement,rcasementeu@printfriendly.com,Male,94.190.234.177
536,Abbie,McQuaide,amcquaideev@harvard.edu,Female,60.98.153.223
537,Carroll,Morena,cmorenaew@goo.gl,Male,89.143.173.205
538,Vanessa,Loughlin,vloughlinex@prweb.com,Female,250.80.123.158
539,Jarrod,Mithon,jmithoney@tumblr.com,Male,215.155.107.221
540,Elva,Spyer,espyerez@cornell.edu,Female,52.40.40.185
541,Natal,Eastabrook,neastabrookf0@cloudflare.com,Male,198.247.35.216
542,Welby,Stapylton,wstapyltonf1@state.gov,Male,161.34.43.195
543,Lucia,Athersmith,lathersmithf2@abc.net.au,Bigender,146.250.183.6
544,Ulrich,Asman,uasmanf3@ask.com,Bigender,28.1.101.11
545,Tiertza,Storrier,tstorrierf4@cdc.gov,Female,79.113.104.200
546,Sergei,Drysdall,sdrysdallf5@edublogs.org,Male,69.56.126.74
547,Raf,Begg,rbeggf6@whitehouse.gov,Female,97.0.131.80
548,Micky,Scyone,mscyonef7@zimbio.com,Male,151.204.21.70
549,Tedie,Wigley,twigleyf8@artisteer.com,Male,225.141.126.74
550,Malvin,Andretti,mandrettif9@domainmarket.com,Male,237.85.203.141
551,Martie,Chitter,mchitterfa@twitpic.com,Genderfluid,69.97.167.175
552,Dorri,Kemetz,dkemetzfb@google.de,Female,13.22.32.241
553,Marie,Lafflin,mlafflinfc@csmonitor.com,Female,37.15.234.38
554,Matthaeus,Deverall,mdeverallfd@telegraph.co.uk,Genderfluid,101.99.142.96
555,Annalee,MacGragh,amacgraghfe@4shared.com,Female,134.132.198.236
556,Joella,Despenser,jdespenserff@vimeo.com,Female,190.206.14.11
557,Neil,Charlwood,ncharlwoodfg@zimbio.com,Male,210.18.255.100
558,Robinet,Willes,rwillesfh@a8.net,Male,93.123.73.172
559,Neddy,Moodie,nmoodiefi@cam.ac.uk,Male,67.8.235.117
560,Faustine,Elsbury,felsburyfj@homestead.com,Female,102.233.77.76
561,Guy,Macvey,gmacveyfk@webmd.com,Male,46.180.21.241
562,Sutherlan,Liddel,sliddelfl@live.com,Male,50.12.195.186
563,Ashil,Enrique,aenriquefm@surveymonkey.com,Female,189.121.74.147
564,Lucio,Tangye,ltangyefn@paypal.com,Male,195.80.136.26
565,Rem,Grinyakin,rgrinyakinfo@aboutads.info,Male,191.88.165.160
566,Siana,Vaney,svaneyfp@state.gov,Female,155.230.70.13
567,Bobina,Penswick,bpenswickfq@gov.uk,Female,181.248.145.90
568,Hannis,Gatteridge,hgatteridgefr@odnoklassniki.ru,Female,16.225.105.155
569,Timothee,Borleace,tborleacefs@people.com.cn,Male,1.245.33.25
570,Lesley,Ricketts,lrickettsft@sciencedaily.com,Male,190.126.126.39
571,Korney,Mansell,kmansellfu@alexa.com,Female,218.38.131.67
572,Gavra,Wilse,gwilsefv@barnesandnoble.com,Female,209.68.158.240
573,Raimondo,Golder,rgolderfw@oaic.gov.au,Male,62.202.130.36
574,Shela,Stanyer,sstanyerfx@jigsy.com,Female,14.196.163.47
575,Maria,Exelby,mexelbyfy@imageshack.us,Female,22.83.56.10
576,Glenn,Pickthall,gpickthallfz@icio.us,Male,242.133.119.59
577,Demetre,Escale,descaleg0@xrea.com,Male,45.228.25.112
578,Elden,Picton,epictong1@yandex.ru,Male,241.116.63.157
579,Luciano,Burrett,lburrettg2@qq.com,Male,1.85.92.206
580,Monah,Kubacki,mkubackig3@accuweather.com,Female,53.118.239.220
581,Anabella,De Lascy,adelascyg4@tumblr.com,Female,41.63.241.243
582,Aubert,Blest,ablestg5@linkedin.com,Male,34.190.17.230
583,Johny,Medgewick,jmedgewickg6@networksolutions.com,Male,171.7.81.77
584,Findlay,Grabbam,fgrabbamg7@cpanel.net,Male,2.4.96.100
585,Rosella,Hanigan,rhanigang8@wufoo.com,Female,207.51.59.178
586,Lowell,Hamblin,lhambling9@google.co.uk,Male,144.58.164.164
587,Curtis,Romme,crommega@gizmodo.com,Non-binary,247.142.114.86
588,Guenna,Babinski,gbabinskigb@princeton.edu,Non-binary,250.235.185.110
589,Ettore,Waplington,ewaplingtongc@bloglovin.com,Male,115.143.141.191
590,Padgett,Flade,pfladegd@hibu.com,Male,107.164.53.229
591,Aurthur,Yerrington,ayerringtonge@facebook.com,Male,179.42.25.74
592,Jeanne,Tite,jtitegf@cyberchimps.com,Female,127.248.55.103
593,Francesca,Rubinsztein,frubinszteingg@ehow.com,Female,183.147.120.41
594,Lanna,Tolotti,ltolottigh@unblog.fr,Female,86.244.192.23
595,Gustavus,Lathwood,glathwoodgi@businesswire.com,Male,85.229.77.102
596,Bentley,Gwinn,bgwinngj@goodreads.com,Male,225.208.252.89
597,Grethel,Sawforde,gsawfordegk@goo.gl,Female,136.29.60.216
598,Aaron,Lamble,alamblegl@myspace.com,Agender,193.205.85.51
599,Alvan,Pencost,apencostgm@sakura.ne.jp,Male,63.77.245.47
600,Agnes,McSperron,amcsperrongn@dedecms.com,Female,43.110.28.192
601,Noreen,Goodere,ngooderego@list-manage.com,Female,234.3.124.106
602,Tallia,Davidzon,tdavidzongp@storify.com,Female,82.103.171.56
603,Lamond,Skillings,lskillingsgq@ucla.edu,Male,53.249.169.252
604,Neel,Beringer,nberingergr@msu.edu,Male,49.236.70.214
605,Vergil,Avramov,vavramovgs@yolasite.com,Male,139.78.159.80
606,Xylina,Hickisson,xhickissongt@jiathis.com,Agender,228.71.139.172
607,Dionisio,McRill,dmcrillgu@fema.gov,Male,123.92.172.61
608,Aleen,Bozward,abozwardgv@arstechnica.com,Female,106.180.108.170
609,Lotta,Popov,lpopovgw@ebay.com,Female,234.93.227.112
610,Alvis,Ohlsen,aohlsengx@sakura.ne.jp,Male,89.103.52.237
611,Reinaldos,Loughney,rloughneygy@twitpic.com,Genderqueer,65.69.36.166
612,Federico,Cotgrove,fcotgrovegz@blogspot.com,Male,233.55.194.182
613,Cami,Pinar,cpinarh0@ucoz.ru,Female,18.224.191.114
614,Anne-corinne,Bold,aboldh1@mtv.com,Female,232.106.193.116
615,Kendra,Luckey,kluckeyh2@wunderground.com,Female,33.54.33.223
616,Janina,Tallyn,jtallynh3@ebay.com,Female,242.94.135.21
617,Brandtr,Toy,btoyh4@feedburner.com,Male,116.201.72.202
618,Ned,De Caville,ndecavilleh5@merriam-webster.com,Male,78.28.69.158
619,Josiah,Landsbury,jlandsburyh6@google.nl,Male,50.55.203.220
620,Pip,Frail,pfrailh7@wiley.com,Male,127.209.184.213
621,Lem,Kovnot,lkovnoth8@toplist.cz,Male,34.241.230.103
622,Torrey,Oven,tovenh9@ebay.com,Male,135.188.53.146
623,Melinde,Pighills,mpighillsha@last.fm,Polygender,50.52.143.210
624,Alicia,Trehearne,atrehearnehb@deliciousdays.com,Female,121.151.149.61
625,Gracie,Willmer,gwillmerhc@amazon.co.jp,Female,19.82.22.248
626,Shurlock,Lamberts,slambertshd@nature.com,Male,218.177.68.226
627,Vanessa,Goodall,vgoodallhe@geocities.jp,Female,216.14.83.175
628,Maryanne,Ponting,mpontinghf@yellowpages.com,Female,187.76.121.75
629,Toby,Jiggins,tjigginshg@umich.edu,Male,83.162.33.252
630,Suzi,Westrope,swestropehh@tinyurl.com,Female,89.77.123.228
631,Mendel,Jerratsch,mjerratschhi@myspace.com,Male,114.51.192.232
632,Ahmed,Salliere,asallierehj@fda.gov,Male,178.180.153.68
633,Lorenzo,Jealous,ljealoushk@cdc.gov,Male,5.126.3.50
634,Frederigo,Backen,fbackenhl@squarespace.com,Male,243.141.128.124
635,Dulcie,McNellis,dmcnellishm@pinterest.com,Female,61.101.80.223
636,Burty,Kobsch,bkobschhn@yandex.ru,Male,64.87.92.72
637,Darsey,Hens,dhensho@alexa.com,Female,152.51.161.236
638,Jens,Serraillier,jserraillierhp@guardian.co.uk,Male,200.59.200.148
639,Tiler,Oats,toatshq@wiley.com,Male,29.80.126.113
640,Dyann,Portwaine,dportwainehr@indiatimes.com,Female,116.159.40.119
641,Natala,Tapply,ntapplyhs@domainmarket.com,Female,3.82.122.63
642,Christy,Lavender,clavenderht@php.net,Genderqueer,112.144.46.111
643,Keene,Breeds,kbreedshu@samsung.com,Male,163.2.114.243
644,Reagan,Wintringham,rwintringhamhv@tinypic.com,Non-binary,191.114.11.65
645,Shelia,Cowill,scowillhw@hhs.gov,Female,122.126.81.198
646,Fiorenze,Pitson,fpitsonhx@home.pl,Female,231.1.183.245
647,Stephan,Snowding,ssnowdinghy@timesonline.co.uk,Male,83.113.210.155
648,Amanda,Clemmens,aclemmenshz@alibaba.com,Female,47.225.231.56
649,Pammy,O'Beirne,pobeirnei0@cpanel.net,Female,145.154.79.142
650,Shea,Broseke,sbrosekei1@irs.gov,Female,66.89.130.48
651,Lock,Christopher,lchristopheri2@google.com,Male,156.208.248.56
652,Elsbeth,Klimontovich,eklimontovichi3@ifeng.com,Non-binary,32.120.141.186
653,Jaimie,Lambirth,jlambirthi4@desdev.cn,Male,49.64.5.119
654,Kevin,Pinkard,kpinkardi5@techcrunch.com,Male,23.81.153.137
655,Maurine,Barzen,mbarzeni6@walmart.com,Female,131.185.167.22
656,Evey,Algore,ealgorei7@apache.org,Female,152.36.138.248
657,Martino,Gansbuhler,mgansbuhleri8@biglobe.ne.jp,Male,226.123.143.203
658,Kimbell,Steen,ksteeni9@uol.com.br,Male,11.36.90.21
659,Marcella,Hubbert,mhubbertia@sphinn.com,Female,37.206.55.159
660,Brendin,Ellsom,bellsomib@mozilla.org,Male,102.23.0.44
661,Katerine,Chastanet,kchastanetic@goodreads.com,Female,185.221.104.90
662,Constantino,Millard,cmillardid@sbwire.com,Male,53.251.4.250
663,Elisabetta,Colbertson,ecolbertsonie@unicef.org,Female,100.182.205.179
664,Jade,Vivian,jvivianif@deliciousdays.com,Female,210.160.4.30
665,Merrili,Beevens,mbeevensig@hugedomains.com,Female,143.183.7.209
666,Teodor,Thay,tthayih@topsy.com,Male,208.255.197.222
667,Carroll,Raynham,craynhamii@prweb.com,Male,95.27.111.43
668,Dulciana,Ladbrook,dladbrookij@washingtonpost.com,Female,156.112.147.116
669,Kliment,Boddie,kboddieik@webeden.co.uk,Male,242.56.8.111
670,Belicia,Limer,blimeril@i2i.jp,Female,142.104.44.42
671,Joelie,Wonham,jwonhamim@wikipedia.org,Female,231.54.41.0
672,Marcellus,Crampsey,mcrampseyin@ihg.com,Male,68.6.92.51
673,Timothy,Marchant,tmarchantio@sphinn.com,Genderqueer,108.74.120.39
674,Wald,Raynes,wraynesip@digg.com,Male,241.85.32.129
675,Jackquelin,Boath,jboathiq@unesco.org,Bigender,194.34.130.154
676,Corella,Hargreaves,chargreavesir@yandex.ru,Female,47.133.99.49
677,Gregorius,Clyma,gclymais@github.io,Male,16.164.60.230
678,Shalom,Braybrooks,sbraybrooksit@biblegateway.com,Male,159.213.41.64
679,Lion,Crann,lcranniu@parallels.com,Male,86.188.220.3
680,Ginny,Grimsdike,ggrimsdikeiv@weather.com,Female,194.0.112.193
681,Alec,Lintall,alintalliw@samsung.com,Male,87.254.218.21
682,Hephzibah,Hulatt,hhulattix@prnewswire.com,Female,161.35.231.74
683,Laina,Rapkins,lrapkinsiy@dailymail.co.uk,Female,65.220.249.158
684,Linell,Uc,luciz@canalblog.com,Female,86.108.51.59
685,Josy,Titmarsh,jtitmarshj0@yellowbook.com,Female,228.148.162.32
686,Remy,O'Carran,rocarranj1@mlb.com,Female,35.205.52.109
687,Henri,Klimushev,hklimushevj2@smugmug.com,Male,164.192.116.248
688,Cynthie,Widdup,cwiddupj3@ycombinator.com,Female,2.172.95.248
689,Cybil,Leasor,cleasorj4@blogger.com,Female,248.126.175.3
690,Claybourne,Ramsbottom,cramsbottomj5@uiuc.edu,Male,96.218.87.57
691,Laurella,Playfoot,lplayfootj6@samsung.com,Female,245.2.171.53
692,Earvin,Jahnig,ejahnigj7@stumbleupon.com,Male,0.20.56.148
693,Buiron,Moens,bmoensj8@twitpic.com,Male,174.110.214.144
694,Brit,McIlvenny,bmcilvennyj9@ocn.ne.jp,Male,246.229.110.209
695,Dunn,Durdan,ddurdanja@samsung.com,Male,223.195.35.211
696,Lil,Williscroft,lwilliscroftjb@cnbc.com,Female,36.83.100.160
697,Daniel,Haydney,dhaydneyjc@barnesandnoble.com,Male,198.56.102.150
698,Lyman,Ashforth,lashforthjd@cnet.com,Male,21.195.114.2
699,Piotr,Keepence,pkeepenceje@123-reg.co.uk,Male,38.57.53.145
700,Aeriel,Catcheside,acatchesidejf@mayoclinic.com,Female,104.165.157.32
701,Davida,Pleasaunce,dpleasauncejg@t-online.de,Agender,154.88.129.180
702,Aaron,Stoddart,astoddartjh@auda.org.au,Male,67.119.119.254
703,Waring,Costin,wcostinji@bbb.org,Male,201.64.163.167
704,Vallie,Cokly,vcoklyjj@un.org,Female,51.145.190.28
705,Deeann,Bidewell,dbidewelljk@hostgator.com,Female,119.42.244.29
706,Keary,Verillo,kverillojl@umn.edu,Male,58.68.45.192
707,Neely,McCarl,nmccarljm@hud.gov,Female,246.12.78.242
708,Bell,David,bdavidjn@dell.com,Female,131.193.212.57
709,Sheilakathryn,Whitely,swhitelyjo@nyu.edu,Female,33.234.103.170
710,Cloe,Klemt,cklemtjp@hc360.com,Female,37.67.9.128
711,Perry,Alban,palbanjq@digg.com,Female,29.46.73.90
712,Cary,Freebury,cfreeburyjr@php.net,Female,79.73.172.90
713,Barnebas,Wrinch,bwrinchjs@last.fm,Male,213.211.146.224
714,Demeter,Ephgrave,dephgravejt@issuu.com,Female,21.52.214.115
715,De witt,Boik,dboikju@google.com.br,Male,64.250.181.175
716,Jayme,Limb,jlimbjv@ocn.ne.jp,Male,200.50.179.142
717,Jimmie,Cromett,jcromettjw@chron.com,Male,30.118.89.243
718,Leonora,Haddock,lhaddockjx@google.cn,Female,169.140.131.187
719,Ario,Greaterex,agreaterexjy@hp.com,Male,251.155.119.99
720,Mathe,Archanbault,marchanbaultjz@bigcartel.com,Male,49.153.146.41
721,Mersey,Rennicks,mrennicksk0@cnbc.com,Female,179.32.207.236
722,Siffre,Ortiga,sortigak1@lulu.com,Male,164.104.74.80
723,Mirna,Alday,maldayk2@reuters.com,Female,108.173.253.111
724,Olenka,Sitlinton,ositlintonk3@wp.com,Female,46.11.231.181
725,Starlin,Berrie,sberriek4@businessweek.com,Female,187.30.149.25
726,Doralin,Ruzicka,druzickak5@tiny.cc,Female,205.58.184.190
727,Marcelo,Burril,mburrilk6@wsj.com,Male,206.94.5.126
728,Franky,Procter,fprocterk7@nature.com,Female,111.242.23.103
729,Basil,McKelloch,bmckellochk8@paginegialle.it,Male,99.69.154.219
730,Angelo,Drake,adrakek9@people.com.cn,Male,95.189.32.83
731,Gabriel,Gogerty,ggogertyka@liveinternet.ru,Male,19.67.26.88
732,Bradan,Curryer,bcurryerkb@infoseek.co.jp,Genderqueer,36.185.75.156
733,Ddene,Meltetal,dmeltetalkc@stanford.edu,Female,64.235.99.158
734,Mellie,Sorsbie,msorsbiekd@wikimedia.org,Female,94.176.117.49
735,Mady,Kerr,mkerrke@webeden.co.uk,Female,183.185.69.194
736,Ernie,Wragg,ewraggkf@springer.com,Male,4.178.92.242
737,Glendon,Rowatt,growattkg@sfgate.com,Male,189.162.24.255
738,Jemimah,Gallon,jgallonkh@uiuc.edu,Female,117.18.88.217
739,Tabb,Hazeldean,thazeldeanki@wordpress.com,Male,228.92.39.247
740,Ario,Sambrook,asambrookkj@howstuffworks.com,Male,99.38.196.241
741,Rab,Eberdt,reberdtkk@squidoo.com,Male,125.167.183.112
742,Agnes,Pender,apenderkl@narod.ru,Female,28.37.203.148
743,Hollie,Cafe,hcafekm@hud.gov,Female,32.203.76.175
744,Torrance,Cabble,tcabblekn@buzzfeed.com,Male,208.252.69.184
745,Hugues,Zealey,hzealeyko@cnn.com,Male,58.114.137.97
746,Sig,Bendig,sbendigkp@pbs.org,Male,98.214.102.51
747,Stacee,Dumbellow,sdumbellowkq@aboutads.info,Male,186.229.153.130
748,Brigitta,Cathrae,bcathraekr@bizjournals.com,Bigender,91.131.221.190
749,Jacquenette,Ivan,jivanks@smh.com.au,Female,140.92.166.21
750,Johann,Scola,jscolakt@gravatar.com,Male,248.82.133.107
751,Katina,Spelling,kspellingku@ucla.edu,Female,92.55.147.21
752,Phil,Wilshere,pwilsherekv@dailymail.co.uk,Bigender,7.62.182.188
753,Wendall,Ludford,wludfordkw@nymag.com,Male,125.186.29.97
754,Franklyn,Goodfellowe,fgoodfellowekx@europa.eu,Male,226.206.95.156
755,Padriac,Faithfull,pfaithfullky@intel.com,Male,114.58.187.126
756,Mufi,Swaisland,mswaislandkz@about.com,Female,184.181.40.57
757,Clarence,Valentin,cvalentinl0@businesswire.com,Male,67.141.15.132
758,Tracey,Balassa,tbalassal1@rakuten.co.jp,Male,52.27.144.87
759,Jerry,Maile,jmailel2@bing.com,Female,124.161.148.83
760,Eadmund,Stanyan,estanyanl3@discovery.com,Bigender,178.90.242.118
761,Arni,De Pero,adeperol4@princeton.edu,Male,236.6.99.8
762,Genia,Southgate,gsouthgatel5@businessinsider.com,Genderfluid,252.254.19.59
763,Remington,Hasely,rhaselyl6@independent.co.uk,Male,241.126.46.220
764,Marybeth,Almon,malmonl7@kickstarter.com,Female,12.179.93.38
765,Cher,Filip,cfilipl8@harvard.edu,Female,67.87.255.122
766,Bill,Diamant,bdiamantl9@fda.gov,Male,28.133.209.173
767,Marie,Palombi,mpalombila@goo.gl,Female,140.89.13.254
768,Clementina,Barlass,cbarlasslb@cam.ac.uk,Female,152.86.16.179
769,Sondra,Audritt,saudrittlc@patch.com,Female,214.124.236.74
770,Harman,Edwards,hedwardsld@edublogs.org,Male,245.160.15.60
771,Carr,Rumin,cruminle@blogger.com,Genderfluid,248.134.216.12
772,Sigfried,Patria,spatrialf@wikipedia.org,Male,110.6.127.63
773,Olia,Winckles,owinckleslg@mac.com,Female,69.122.177.206
774,Gunilla,Crier,gcrierlh@spiegel.de,Female,132.96.69.190
775,Tabbie,Fawdrey,tfawdreyli@dmoz.org,Male,140.52.31.109
776,Celestina,Flockhart,cflockhartlj@prlog.org,Female,41.240.148.78
777,Dynah,Possek,dposseklk@ustream.tv,Female,94.50.143.33
778,Cort,Beran,cberanll@house.gov,Non-binary,143.96.62.186
779,Candy,Lauritsen,clauritsenlm@cyberchimps.com,Agender,34.188.224.152
780,Elysia,Clotworthy,eclotworthyln@hugedomains.com,Female,7.115.206.210
781,Donnamarie,Woodier,dwoodierlo@stanford.edu,Female,203.217.245.85
782,Sandra,Avrasin,savrasinlp@nasa.gov,Female,57.190.218.14
783,Emmy,Skouling,eskoulinglq@msu.edu,Male,189.93.2.64
784,Madison,Hanney,mhanneylr@cocolog-nifty.com,Male,55.103.98.119
785,Olvan,Lidster,olidsterls@hud.gov,Male,125.120.0.1
786,Tarrance,Hawyes,thawyeslt@github.io,Male,39.131.152.25
787,Inessa,Mavin,imavinlu@dailymotion.com,Female,27.66.224.102
788,Gui,Fishe,gfishelv@privacy.gov.au,Female,29.177.189.62
789,Herbert,Gherardelli,hgherardellilw@nationalgeographic.com,Male,80.97.203.252
790,Nanice,Woolfoot,nwoolfootlx@disqus.com,Polygender,16.38.151.54
791,Alexandre,Ateridge,aateridgely@samsung.com,Male,82.86.197.105
792,Quill,Belfield,qbelfieldlz@wordpress.org,Male,156.197.248.236
793,Lizabeth,Elcoate,lelcoatem0@cyberchimps.com,Female,131.146.248.66
794,Beauregard,Bing,bbingm1@comcast.net,Male,13.216.132.238
795,Kinnie,Caron,kcaronm2@i2i.jp,Male,158.253.53.102
796,Elisa,Dwire,edwirem3@a8.net,Female,239.149.19.94
797,David,Denk,ddenkm4@cbsnews.com,Genderfluid,77.33.31.144
798,Roz,Marjanski,rmarjanskim5@gravatar.com,Female,20.255.168.33
799,Berte,Cutchie,bcutchiem6@loc.gov,Female,43.3.60.47
800,Diana,Barclay,dbarclaym7@mtv.com,Genderfluid,44.130.246.99
801,Merrill,Champion,mchampionm8@redcross.org,Male,133.85.3.169
802,Guthrie,Bardnam,gbardnamm9@ihg.com,Male,216.59.47.154
803,Sal,Biaggi,sbiaggima@paginegialle.it,Male,75.92.170.2
804,Skippy,Kemmis,skemmismb@seesaa.net,Male,46.101.156.167
805,Paula,Aspden,paspdenmc@wunderground.com,Female,51.23.114.186
806,Marcos,Haddrill,mhaddrillmd@webeden.co.uk,Male,64.250.225.47
807,Algernon,Seeviour,aseeviourme@cdbaby.com,Male,168.247.110.255
808,Ardine,Finessy,afinessymf@qq.com,Female,39.142.114.92
809,Felipa,Mc Kellen,fmckellenmg@is.gd,Female,27.58.133.157
810,Freddie,Robak,frobakmh@cbsnews.com,Female,38.181.42.189
811,Blisse,Spellessy,bspellessymi@indiegogo.com,Female,246.227.1.202
812,Kristofer,Rigts,krigtsmj@opensource.org,Male,69.39.113.156
813,Ker,Markus,kmarkusmk@wikimedia.org,Male,91.3.167.28
814,Vick,Cana,vcanaml@github.io,Male,248.96.87.75
815,Dael,Clipsham,dclipshammm@about.me,Polygender,90.176.160.17
816,Frans,Gilliat,fgilliatmn@apache.org,Male,44.218.101.152
817,Gerard,Fratson,gfratsonmo@cam.ac.uk,Male,94.127.50.200
818,Northrup,Pakeman,npakemanmp@arstechnica.com,Male,100.223.32.122
819,Alvan,O'Dowgaine,aodowgainemq@discovery.com,Male,208.2.129.60
820,Wyn,Androck,wandrockmr@hexun.com,Bigender,27.179.203.194
821,Celene,St Louis,cstlouisms@acquirethisname.com,Non-binary,15.171.245.117
822,Ruben,Selborne,rselbornemt@psu.edu,Male,89.60.0.228
823,Stephana,Madden,smaddenmu@bbc.co.uk,Female,45.206.141.5
824,Vassili,Bicknell,vbicknellmv@princeton.edu,Male,69.249.169.45
825,Orville,Baltzar,obaltzarmw@diigo.com,Male,114.224.69.121
826,Gavan,Denisyev,gdenisyevmx@wisc.edu,Male,219.91.88.150
827,Allyn,Clissell,aclissellmy@cnet.com,Male,47.134.99.92
828,Lindy,Mouth,lmouthmz@reference.com,Female,168.163.85.94
829,Brnaba,Raithby,braithbyn0@themeforest.net,Male,204.5.115.194
830,Clayborn,Le Estut,cleestutn1@google.fr,Male,195.118.71.131
831,Giffie,Aked,gakedn2@smugmug.com,Male,95.33.95.52
832,Kale,Scheu,kscheun3@about.com,Male,143.132.180.119
833,Coleen,Tingle,ctinglen4@flavors.me,Female,254.185.128.164
834,Rosa,Birk,rbirkn5@washingtonpost.com,Female,31.232.36.115
835,Danell,Pannett,dpannettn6@cnbc.com,Female,61.2.183.0
836,Rudyard,Children,rchildrenn7@google.com.br,Male,205.166.246.21
837,Editha,Gallaher,egallahern8@vistaprint.com,Female,136.58.252.50
838,Crissy,Dubois,cduboisn9@acquirethisname.com,Female,224.128.170.44
839,Kerstin,Rastrick,krastrickna@forbes.com,Female,25.215.117.12
840,Englebert,Daffern,edaffernnb@stanford.edu,Male,237.211.106.193
841,Ailis,Kinsett,akinsettnc@cdc.gov,Female,194.225.87.129
842,Prentice,Gheeraert,pgheeraertnd@amazon.com,Male,86.42.5.93
843,Amalie,Medforth,amedforthne@gov.uk,Female,212.42.208.37
844,Cyrill,Magarrell,cmagarrellnf@xing.com,Male,131.154.54.241
845,Kenna,Lynd,klyndng@mashable.com,Female,232.32.51.63
846,Tait,Davidson,tdavidsonnh@last.fm,Male,75.68.235.42
847,Dasie,Lapworth,dlapworthni@umich.edu,Female,53.73.24.16
848,Pansy,Telfer,ptelfernj@bravesites.com,Agender,178.74.25.189
849,Pietro,Sawter,psawternk@toplist.cz,Male,73.168.115.112
850,Norman,Dethloff,ndethloffnl@spotify.com,Male,58.154.149.55
851,Cross,Leverage,cleveragenm@flickr.com,Male,229.241.148.27
852,Dunc,Posselt,dposseltnn@cam.ac.uk,Male,144.34.233.227
853,Willy,Spensly,wspenslyno@blog.com,Female,151.231.156.10
854,Eamon,Como,ecomonp@1688.com,Male,139.174.244.56
855,Julian,Enderson,jendersonnq@mapy.cz,Male,10.105.107.179
856,Vin,Pabst,vpabstnr@scribd.com,Agender,179.222.26.185
857,Chevalier,Wittleton,cwittletonns@hc360.com,Male,188.210.212.146
858,Ramsay,Fear,rfearnt@bluehost.com,Polygender,30.201.162.81
859,Tobye,Manach,tmanachnu@sourceforge.net,Female,167.142.182.128
860,Rosanna,Beeden,rbeedennv@cam.ac.uk,Female,35.64.246.217
861,Gregoor,O'Scanlon,goscanlonnw@msu.edu,Male,141.5.106.116
862,Melamie,Spencer,mspencernx@sun.com,Polygender,185.140.229.247
863,Fitz,Farland,ffarlandny@pcworld.com,Non-binary,146.147.172.212
864,Perry,Gepheart,pgepheartnz@ucoz.ru,Female,4.134.225.12
865,Christophorus,Kinsella,ckinsellao0@altervista.org,Male,12.89.16.42
866,Trenna,Kenealy,tkenealyo1@squidoo.com,Female,155.231.6.71
867,Aymer,Hambright,ahambrighto2@addtoany.com,Male,102.136.182.12
868,Ringo,Lamport,rlamporto3@xing.com,Male,123.32.15.34
869,King,Rashleigh,krashleigho4@plala.or.jp,Male,14.104.146.129
870,Heinrick,Ault,haulto5@moonfruit.com,Male,52.99.83.149
871,Kaile,Santora,ksantorao6@stanford.edu,Genderqueer,199.168.5.115
872,Lucie,McClary,lmcclaryo7@unesco.org,Female,191.218.58.75
873,Sibby,Audenis,saudeniso8@networkadvertising.org,Female,130.255.173.190
874,Corabel,Goodman,cgoodmano9@miibeian.gov.cn,Female,103.71.242.96
875,May,Saterweyte,msaterweyteoa@google.de,Female,163.147.20.145
876,Zane,Deval,zdevalob@dropbox.com,Male,53.127.133.86
877,Emlen,Sanzio,esanziooc@sina.com.cn,Bigender,29.76.193.196
878,Danielle,McHaffy,dmchaffyod@wikia.com,Agender,33.162.79.77
879,Rennie,Chalfain,rchalfainoe@hugedomains.com,Female,155.207.248.235
880,Drew,Scarce,dscarceof@jigsy.com,Male,234.46.216.26
881,Averill,Kobera,akoberaog@digg.com,Male,25.54.11.229
882,Ritchie,Hadleigh,rhadleighoh@amazon.de,Male,105.24.20.32
883,Cassy,Lamont,clamontoi@ebay.com,Female,225.144.178.91
884,Willie,Hatwell,whatwelloj@npr.org,Male,34.105.166.187
885,Hailey,Planque,hplanqueok@youtu.be,Male,106.101.227.56
886,Joey,Shenfisch,jshenfischol@bravesites.com,Female,83.30.209.40
887,Samara,Jurek,sjurekom@imageshack.us,Female,110.152.203.188
888,Jud,Bahde,jbahdeon@yandex.ru,Male,125.95.124.85
889,Geralda,Cay,gcayoo@senate.gov,Female,191.136.36.31
890,Bordie,Schulz,bschulzop@sohu.com,Male,33.236.139.210
891,Devora,Newhouse,dnewhouseoq@plala.or.jp,Female,253.243.140.122
892,Gus,Curreen,gcurreenor@utexas.edu,Female,240.119.119.225
893,Reta,Pretty,rprettyos@nih.gov,Female,219.101.31.13
894,Darice,Corbishley,dcorbishleyot@boston.com,Female,237.107.219.108
895,Susie,Alesi,salesiou@canalblog.com,Female,93.144.88.131
896,Hadleigh,Brands,hbrandsov@bluehost.com,Male,105.139.205.132
897,Suzy,Aizikovich,saizikovichow@dion.ne.jp,Female,215.169.202.222
898,Marmaduke,Rate,mrateox@samsung.com,Male,213.90.94.188
899,Wallie,Aucoate,waucoateoy@ucsd.edu,Female,129.124.73.186
900,Mathe,MacKenzie,mmackenzieoz@yahoo.com,Non-binary,104.219.192.92
901,Bradford,Wymer,bwymerp0@clickbank.net,Male,6.4.50.81
902,Christiane,Troyes,ctroyesp1@earthlink.net,Female,117.81.16.107
903,Innis,Gurden,igurdenp2@amazon.de,Male,26.156.17.40
904,Stormy,Mercer,smercerp3@unesco.org,Agender,14.215.52.117
905,Harry,Lembcke,hlembckep4@gravatar.com,Male,35.159.193.106
906,Muire,Bulcock,mbulcockp5@slate.com,Polygender,31.79.246.4
907,Waylan,Extill,wextillp6@wordpress.org,Male,73.28.228.121
908,Cosmo,Nassy,cnassyp7@washington.edu,Male,251.54.179.172
909,Patsy,Gandar,pgandarp8@alibaba.com,Male,250.22.157.141
910,Dannel,Viccary,dviccaryp9@usgs.gov,Male,222.245.171.124
911,Deva,Gladeche,dgladechepa@moonfruit.com,Female,191.137.73.146
912,Elsa,McEwan,emcewanpb@businessinsider.com,Female,207.139.204.94
913,Carlye,Balazin,cbalazinpc@dagondesign.com,Female,223.16.109.55
914,Howey,Noice,hnoicepd@taobao.com,Male,111.190.161.211
915,Munroe,Greene,mgreenepe@diigo.com,Male,48.36.148.77
916,Marley,Lansbury,mlansburypf@wufoo.com,Female,213.128.191.211
917,Hart,Bassford,hbassfordpg@oakley.com,Male,133.147.133.170
918,Reine,Houndesome,rhoundesomeph@who.int,Female,122.229.78.186
919,Siffre,Hamshere,shamsherepi@tamu.edu,Male,181.183.116.192
920,Rhody,Darridon,rdarridonpj@illinois.edu,Female,83.154.193.214
921,Derrick,Bratchell,dbratchellpk@hibu.com,Male,66.181.133.206
922,Desmond,Finlry,dfinlrypl@g.co,Male,138.137.245.132
923,Alvy,Jess,ajesspm@hc360.com,Male,35.112.84.147
924,Cordy,Dewberry,cdewberrypn@slashdot.org,Male,166.23.33.175
925,Teressa,Leare,tlearepo@phpbb.com,Female,100.110.147.119
926,Quincy,Curnnokk,qcurnnokkpp@walmart.com,Male,250.206.56.26
927,Louis,Aldritt,laldrittpq@youtube.com,Genderfluid,82.237.55.201
928,Korella,Gleder,kglederpr@ycombinator.com,Female,159.136.198.133
929,Tedd,Hollow,thollowps@psu.edu,Male,134.18.215.204
930,Edouard,Fildery,efilderypt@chronoengine.com,Male,233.20.41.118
931,Gaby,Mitchard,gmitchardpu@boston.com,Male,182.81.138.200
932,Ivar,Scholl,ischollpv@qq.com,Male,5.111.180.255
933,Brit,Talby,btalbypw@tuttocitta.it,Female,28.117.99.172
934,Glenna,Birdall,gbirdallpx@sakura.ne.jp,Female,204.211.182.183
935,Olivette,Belderfield,obelderfieldpy@fc2.com,Female,86.2.187.239
936,Rand,Wimp,rwimppz@weibo.com,Male,118.38.85.33
937,Cindi,Kille,ckilleq0@cafepress.com,Female,81.131.72.175
938,Tobe,Van der Merwe,tvandermerweq1@senate.gov,Male,147.2.229.126
939,Luisa,Haining,lhainingq2@pbs.org,Female,88.67.111.216
940,Leia,Kristoffersen,lkristoffersenq3@cbslocal.com,Female,75.175.241.63
941,Major,Coatts,mcoattsq4@columbia.edu,Male,213.105.254.153
942,Adrian,Balharrie,abalharrieq5@homestead.com,Male,7.224.21.156
943,Cooper,Stayt,cstaytq6@imageshack.us,Male,23.0.252.125
944,Lanette,Siccombe,lsiccombeq7@usatoday.com,Female,41.9.99.211
945,Kip,Daybell,kdaybellq8@ehow.com,Female,55.114.157.51
946,Shamus,Bleesing,sbleesingq9@ask.com,Male,56.152.153.140
947,Cos,McEnhill,cmcenhillqa@cornell.edu,Male,192.156.40.59
948,Fancy,Bartolozzi,fbartolozziqb@kickstarter.com,Non-binary,35.22.195.104
949,Gladi,Corwood,gcorwoodqc@toplist.cz,Agender,93.170.88.132
950,Wyn,Pitman,wpitmanqd@google.fr,Male,31.217.57.222
951,Rudiger,Lippini,rlippiniqe@ihg.com,Male,10.152.149.99
952,Jake,Clague,jclagueqf@istockphoto.com,Male,65.200.178.2
953,Myer,Brownbridge,mbrownbridgeqg@intel.com,Male,155.237.14.52
954,Derick,Langshaw,dlangshawqh@ed.gov,Male,76.142.63.164
955,Deb,Brazil,dbrazilqi@baidu.com,Female,174.29.64.130
956,Myer,Bartaletti,mbartalettiqj@vimeo.com,Male,86.5.21.3
957,Bidget,Mallindine,bmallindineqk@ow.ly,Female,222.150.145.212
958,Shermie,De Vile,sdevileql@blogspot.com,Male,47.151.43.11
959,Guinna,Reynolds,greynoldsqm@sakura.ne.jp,Female,248.172.135.224
960,Regine,Woodrough,rwoodroughqn@reverbnation.com,Female,58.162.149.87
961,Ferd,Jeff,fjeffqo@illinois.edu,Male,57.203.174.239
962,Brodie,Formoy,bformoyqp@multiply.com,Male,27.0.181.91
963,Nessy,Davion,ndavionqq@earthlink.net,Female,205.28.150.116
964,Eugen,Puden,epudenqr@earthlink.net,Male,206.56.173.40
965,Cordy,Gilmartin,cgilmartinqs@nature.com,Male,31.81.62.222
966,David,Housecraft,dhousecraftqt@unicef.org,Male,196.237.128.92
967,Genevra,Derbyshire,gderbyshirequ@marketwatch.com,Polygender,84.148.149.39
968,Yasmeen,Bousquet,ybousquetqv@blogspot.com,Female,105.162.223.110
969,Teresina,Simonnin,tsimonninqw@usnews.com,Female,208.124.70.33
970,Hersch,Headech,hheadechqx@t.co,Male,206.234.11.104
971,Mimi,Hugland,mhuglandqy@sphinn.com,Female,29.214.28.78
972,Lowrance,Pilgram,lpilgramqz@globo.com,Male,217.38.53.192
973,Cris,Condell,ccondellr0@unesco.org,Female,165.93.178.223
974,Allen,Spight,aspightr1@google.it,Male,34.128.220.143
975,Weidar,Crane,wcraner2@webs.com,Bigender,206.197.151.94
976,Katerine,Bussen,kbussenr3@usatoday.com,Female,136.156.41.149
977,Elsbeth,Rawles,erawlesr4@abc.net.au,Polygender,123.173.82.192
978,Jon,Sproston,jsprostonr5@bandcamp.com,Agender,108.153.11.94
979,Beauregard,Simons,bsimonsr6@nih.gov,Male,226.19.92.248
980,Angela,Sweatman,asweatmanr7@prweb.com,Female,118.211.66.64
981,Gavrielle,Oldroyd,goldroydr8@cnn.com,Female,236.176.64.97
982,Isabelle,Domaschke,idomaschker9@webs.com,Female,49.230.131.122
983,Theressa,Cargill,tcargillra@bloglovin.com,Female,116.62.163.29
984,Vania,McDermott,vmcdermottrb@techcrunch.com,Female,85.167.205.232
985,Jeni,Chander,jchanderrc@vinaora.com,Female,63.227.85.102
986,Bertrando,Hawkslee,bhawksleerd@instagram.com,Male,135.97.213.158
987,Karin,Connerry,kconnerryre@ca.gov,Female,195.184.27.154
988,Kania,Larraway,klarrawayrf@uol.com.br,Female,192.95.226.104
989,Krysta,Esterbrook,kesterbrookrg@bbb.org,Female,4.206.56.235
990,Jerrylee,Bishopp,jbishopprh@a8.net,Female,210.165.62.211
991,Nessie,Gemlett,ngemlettri@comsenz.com,Female,162.189.41.25
992,Ian,Drummond,idrummondrj@ucla.edu,Male,62.4.71.62
993,Brittani,Twiddy,btwiddyrk@loc.gov,Female,23.78.198.147
994,Biddie,Budgen,bbudgenrl@oaic.gov.au,Female,126.25.163.232
995,Cathleen,L'argent,clargentrm@lulu.com,Bigender,45.149.46.130
996,Darya,Mundy,dmundyrn@odnoklassniki.ru,Female,87.154.44.210
997,Philippa,Stening,psteningro@t-online.de,Female,92.110.123.142
998,Deane,Babalola,dbabalolarp@cbslocal.com,Female,254.126.148.55
999,Brose,Meltetal,bmeltetalrq@bloomberg.com,Male,202.205.143.169
1000,Leigh,Glover,lgloverrr@studiopress.com,Female,249.5.255.147
